date,hiring market,consumer spending,economic growth,material prices,monthly_return,target_return_1,target_return_2,target_return_3,target_return_4,target_return_5,target_return_6,target_return_7,target_return_8,target_return_9,target_return_10,target_return_11,target_return_12,cumulative_return_1,cumulative_return_2,cumulative_return_3,cumulative_return_4,cumulative_return_5,cumulative_return_6,cumulative_return_7,cumulative_return_8,cumulative_return_9,cumulative_return_10,cumulative_return_11,cumulative_return_12
2004-03-01,6.0,7.0,8.0,9.0,-0.01635891961786684,-0.016790751960348183,0.01208345009735412,0.017988998771432563,-0.034290519520026264,0.0022873503233691306,0.009363875526838816,0.014014243690939843,0.03859493629597055,0.03245821284320516,-0.025290467442294018,0.018903346132113308,-0.01911765556028966,-0.016790751960348183,-0.004707301862994062,0.0132816969084385,-0.021008822611587763,-0.018721472288218632,-0.009357596761379816,0.004656646929560027,0.04325158322553058,0.07570979606873574,0.05041932862644172,0.06932267475855503,0.050205019198265366
2004-04-01,6.0,7.0,8.0,9.0,-0.016790751960348183,0.01208345009735412,0.017988998771432563,-0.034290519520026264,0.0022873503233691306,0.009363875526838816,0.014014243690939843,0.03859493629597055,0.03245821284320516,-0.025290467442294018,0.018903346132113308,-0.01911765556028966,-0.020108582083263493,0.01208345009735412,0.030072448868786683,-0.0042180706512395805,-0.00193072032787045,0.007433155198968366,0.02144739888990821,0.06004233518587876,0.09250054802908392,0.0672100805867899,0.08611342671890321,0.06699577115861355,0.046887189075350055
2004-06-01,9.0,7.0,8.0,6.0,0.017988998771432563,-0.034290519520026264,0.0022873503233691306,0.009363875526838816,0.014014243690939843,0.03859493629597055,0.03245821284320516,-0.025290467442294018,0.018903346132113308,-0.01911765556028966,-0.020108582083263493,0.02995204663120865,-0.00014271417986777557,-0.034290519520026264,-0.03200316919665713,-0.022639293669818317,-0.008625049978878474,0.029969886317092076,0.062428099160297235,0.03713763171800322,0.056040977850116525,0.036923322289826865,0.016814740206563372,0.04676678683777202,0.04662407265790425
2004-07-01,7.0,6.0,7.0,8.0,-0.034290519520026264,0.0022873503233691306,0.009363875526838816,0.014014243690939843,0.03859493629597055,0.03245821284320516,-0.025290467442294018,0.018903346132113308,-0.01911765556028966,-0.020108582083263493,0.02995204663120865,-0.00014271417986777557,0.03596828690361842,0.0022873503233691306,0.011651225850207947,0.02566546954114779,0.06426040583711834,0.0967186186803235,0.07142815123802948,0.09033149737014279,0.07121384180985313,0.051105259726589636,0.08105730635779829,0.08091459217793051,0.11688287908154893
2004-09-01,8.0,6.0,7.0,4.0,0.009363875526838816,0.014014243690939843,0.03859493629597055,0.03245821284320516,-0.025290467442294018,0.018903346132113308,-0.01911765556028966,-0.020108582083263493,0.02995204663120865,-0.00014271417986777557,0.03596828690361842,-0.011222104598600069,0.00694902431673361,0.014014243690939843,0.05260917998691039,0.08506739283011555,0.05977692538782153,0.07868027151993484,0.05956261595964518,0.03945403387638169,0.06940608050759034,0.06926336632772256,0.10523165323134098,0.09400954863274091,0.10095857294947452
2004-10-01,7.0,5.0,6.0,4.0,0.014014243690939843,0.03859493629597055,0.03245821284320516,-0.025290467442294018,0.018903346132113308,-0.01911765556028966,-0.020108582083263493,0.02995204663120865,-0.00014271417986777557,0.03596828690361842,-0.011222104598600069,0.00694902431673361,-0.01774077993231349,0.03859493629597055,0.07105314913917571,0.04576268169688169,0.064666027828995,0.04554837226870534,0.025439790185441846,0.0553918368166505,0.05524912263678272,0.09121740954040114,0.07999530494180107,0.08694432925853468,0.06920354932622119
2004-12-01,8.0,6.0,7.0,4.0,0.03245821284320516,-0.025290467442294018,0.018903346132113308,-0.01911765556028966,-0.020108582083263493,0.02995204663120865,-0.00014271417986777557,0.03596828690361842,-0.011222104598600069,0.00694902431673361,-0.01774077993231349,0.035186096519093324,-0.0009523493171964548,-0.025290467442294018,-0.00638712131018071,-0.02550477687047037,-0.04561335895373386,-0.01566131232252521,-0.015804026502392987,0.02016426040122543,0.008942155802625362,0.015891180119358972,-0.0018495998129545166,0.03333649670613881,0.03238414738894235
2005-01-01,6.0,8.0,7.0,5.0,-0.025290467442294018,0.018903346132113308,-0.01911765556028966,-0.020108582083263493,0.02995204663120865,-0.00014271417986777557,0.03596828690361842,-0.011222104598600069,0.00694902431673361,-0.01774077993231349,0.035186096519093324,-0.0009523493171964548,0.025466771341108085,0.018903346132113308,-0.00021430942817635135,-0.020322891511439845,0.009629155119768806,0.00948644093990103,0.04545472784351945,0.03423262324491938,0.04118164756165299,0.0234408676293395,0.058626964148432825,0.05767461483123637,0.08314138617234446
2005-03-01,8.0,7.0,7.0,6.0,-0.01911765556028966,-0.020108582083263493,0.02995204663120865,-0.00014271417986777557,0.03596828690361842,-0.011222104598600069,0.00694902431673361,-0.01774077993231349,0.035186096519093324,-0.0009523493171964548,0.025466771341108085,0.0004531577283561905,0.011095810408889628,-0.020108582083263493,0.009843464547945158,0.009700750368077382,0.0456690372716958,0.03444693267309573,0.04139595698982934,0.023655177057515853,0.05884127357660918,0.05788892425941272,0.08335569560052081,0.083808853328877,0.09490466373776663
2005-04-01,5.0,6.0,7.0,8.0,-0.020108582083263493,0.02995204663120865,-0.00014271417986777557,0.03596828690361842,-0.011222104598600069,0.00694902431673361,-0.01774077993231349,0.035186096519093324,-0.0009523493171964548,0.025466771341108085,0.0004531577283561905,0.011095810408889628,0.01215565291784415,0.02995204663120865,0.029809332451340875,0.0657776193549593,0.054555514756359225,0.061504539073092834,0.043763759140779346,0.07894985565987267,0.07799750634267621,0.1034642776837843,0.10391743541214049,0.11501324582103012,0.12716889873887427
2005-06-01,8.0,6.0,7.0,5.0,-0.00014271417986777557,0.03596828690361842,-0.011222104598600069,0.00694902431673361,-0.01774077993231349,0.035186096519093324,-0.0009523493171964548,0.025466771341108085,0.0004531577283561905,0.011095810408889628,0.01215565291784415,-0.030916916538203165,8.659650459597046e-05,0.03596828690361842,0.02474618230501835,0.03169520662175196,0.01395442668943847,0.049140523208531794,0.04818817389133534,0.07365494523244343,0.07410810296079962,0.08520391336968924,0.0973595662875334,0.06644264974933023,0.0665292462539262
2005-07-01,6.0,7.0,8.0,5.0,0.03596828690361842,-0.011222104598600069,0.00694902431673361,-0.01774077993231349,0.035186096519093324,-0.0009523493171964548,0.025466771341108085,0.0004531577283561905,0.011095810408889628,0.01215565291784415,-0.030916916538203165,8.659650459597046e-05,0.0050858788034533475,-0.011222104598600069,-0.004273080281866459,-0.022013860214179948,0.013172236304913376,0.012219886987716921,0.03768665832882501,0.0381398160571812,0.049235626466070825,0.061391279383914976,0.03047436284571181,0.03056095935030778,0.03564683815376113
2005-09-01,6.0,7.0,8.0,5.0,0.00694902431673361,-0.01774077993231349,0.035186096519093324,-0.0009523493171964548,0.025466771341108085,0.0004531577283561905,0.011095810408889628,0.01215565291784415,-0.030916916538203165,8.659650459597046e-05,0.0050858788034533475,0.02127419311502643,0.024566297967782313,-0.01774077993231349,0.017445316586779835,0.01649296726958338,0.041959738610691466,0.04241289633904766,0.053508706747937285,0.06566435966578144,0.03474744312757827,0.03483403963217424,0.03991991843562759,0.06119411155065402,0.08576040951843633
2005-10-01,8.0,6.0,7.0,9.0,-0.01774077993231349,0.035186096519093324,-0.0009523493171964548,0.025466771341108085,0.0004531577283561905,0.011095810408889628,0.01215565291784415,-0.030916916538203165,8.659650459597046e-05,0.0050858788034533475,0.02127419311502643,0.024566297967782313,0.03150800358539563,0.035186096519093324,0.03423374720189687,0.059700518543004955,0.060153676271361145,0.07124948668025077,0.08340513959809492,0.05248822305989176,0.05257481956448773,0.05766069836794108,0.0789348914829675,0.10350118945074982,0.13500919303614545
2005-11-01,8.0,7.0,8.0,4.0,0.035186096519093324,-0.0009523493171964548,0.025466771341108085,0.0004531577283561905,0.011095810408889628,0.01215565291784415,-0.030916916538203165,8.659650459597046e-05,0.0050858788034533475,0.02127419311502643,0.024566297967782313,0.03150800358539563,0.016466656343095964,-0.0009523493171964548,0.02451442202391163,0.02496757975226782,0.03606339016115745,0.0482190430790016,0.017302126540798435,0.017388723045394405,0.022474601848847753,0.04374879496387418,0.0683150929316565,0.09982309651705212,0.11628975286014809
2006-01-01,6.0,7.0,8.0,5.0,0.025466771341108085,0.0004531577283561905,0.011095810408889628,0.01215565291784415,-0.030916916538203165,8.659650459597046e-05,0.0050858788034533475,0.02127419311502643,0.024566297967782313,0.03150800358539563,0.016466656343095964,0.012615782814670462,0.014059043023177953,0.0004531577283561905,0.011548968137245819,0.02370462105508997,-0.007212295483113196,-0.007125698978517225,-0.002039820175063878,0.019234372939962552,0.043800670907744865,0.07530867449314049,0.09177533083623646,0.10439111365090692,0.11845015667408487
2006-03-01,5.0,7.0,6.0,8.0,0.011095810408889628,0.01215565291784415,-0.030916916538203165,8.659650459597046e-05,0.0050858788034533475,0.02127419311502643,0.024566297967782313,0.03150800358539563,0.016466656343095964,0.012615782814670462,0.014059043023177953,-0.021846175991944383,0.009979982939206433,0.01215565291784415,-0.018761263620359014,-0.018674667115763044,-0.013588788312309696,0.007685404802716733,0.03225170277049905,0.06375970635589467,0.08022636269899064,0.0928421455136611,0.10690118853683905,0.08505501254489467,0.0950349954841011
2006-04-01,8.0,7.0,7.0,6.0,0.01215565291784415,-0.030916916538203165,8.659650459597046e-05,0.0050858788034533475,0.02127419311502643,0.024566297967782313,0.03150800358539563,0.016466656343095964,0.012615782814670462,0.014059043023177953,-0.021846175991944383,0.009979982939206433,0.043290690426759815,-0.030916916538203165,-0.030830320033607195,-0.025744441230153847,-0.004470248115127418,0.020096049852654896,0.05160405343805052,0.06807070978114649,0.08068649259581695,0.0947455356189949,0.07289935962705052,0.08287934256625695,0.12617003299301677
2006-06-01,8.0,6.0,7.0,7.0,8.659650459597046e-05,0.0050858788034533475,0.02127419311502643,0.024566297967782313,0.03150800358539563,0.016466656343095964,0.012615782814670462,0.014059043023177953,-0.021846175991944383,0.009979982939206433,0.043290690426759815,0.032549228707361655,-0.01781632254788501,0.0050858788034533475,0.026360071918479777,0.05092636988626209,0.08243437347165772,0.09890102981475368,0.11151681262942414,0.1255758556526021,0.10372967966065771,0.11370966259986415,0.15700035302662396,0.18954958173398562,0.1717332591861006
2006-07-01,7.0,5.0,6.0,6.0,0.0050858788034533475,0.02127419311502643,0.024566297967782313,0.03150800358539563,0.016466656343095964,0.012615782814670462,0.014059043023177953,-0.021846175991944383,0.009979982939206433,0.043290690426759815,0.032549228707361655,-0.01781632254788501,-0.03198187836198829,0.02127419311502643,0.04584049108280874,0.07734849466820437,0.09381515101130034,0.1064309338259708,0.12048997684914875,0.09864380085720437,0.1086237837964108,0.15191447422317061,0.18446370293053227,0.16664738038264726,0.13466550202065897
2006-09-01,7.0,6.0,6.0,8.0,0.024566297967782313,0.03150800358539563,0.016466656343095964,0.012615782814670462,0.014059043023177953,-0.021846175991944383,0.009979982939206433,0.043290690426759815,0.032549228707361655,-0.01781632254788501,-0.03198187836198829,0.012863572018857905,0.03579400817860079,0.03150800358539563,0.04797465992849159,0.060590442743162054,0.07464948576634,0.052803309774395624,0.06278329271360206,0.10607398314036187,0.13862321184772353,0.12080688929983852,0.08882501093785022,0.10168858295670813,0.13748259113530892
2006-10-01,8.0,7.0,6.0,5.0,0.03150800358539563,0.016466656343095964,0.012615782814670462,0.014059043023177953,-0.021846175991944383,0.009979982939206433,0.043290690426759815,0.032549228707361655,-0.01781632254788501,-0.03198187836198829,0.012863572018857905,0.03579400817860079,0.014822338223554832,0.016466656343095964,0.029082439157766427,0.04314148218094438,0.021295306188999996,0.03127528912820643,0.07456597955496624,0.1071152082623279,0.08929888571444289,0.057317007352454596,0.0701805793713125,0.10597458754991329,0.12079692577346812
2006-11-01,8.0,7.0,6.0,5.0,0.016466656343095964,0.012615782814670462,0.014059043023177953,-0.021846175991944383,0.009979982939206433,0.043290690426759815,0.032549228707361655,-0.01781632254788501,-0.03198187836198829,0.012863572018857905,0.03579400817860079,0.014822338223554832,-0.04404341737941575,0.012615782814670462,0.026674825837848415,0.004828649845904032,0.014808632785110465,0.05809932321187028,0.09064855191923193,0.07283222937134692,0.04085035100935863,0.05371392302821654,0.08950793120681733,0.10433026943037216,0.06028685205095641
2007-01-01,8.0,7.0,6.0,5.0,0.014059043023177953,-0.021846175991944383,0.009979982939206433,0.043290690426759815,0.032549228707361655,-0.01781632254788501,-0.03198187836198829,0.012863572018857905,0.03579400817860079,0.014822338223554832,-0.04404341737941575,-0.008628508561297932,-0.06116343227776988,-0.021846175991944383,-0.01186619305273795,0.031424497374021865,0.06397372608138352,0.04615740353349851,0.014175525171510217,0.027039097190368122,0.06283310536896891,0.07765544359252374,0.03361202621310799,0.02498351765181006,-0.03617991462595982
2007-03-01,8.0,7.0,6.0,5.0,0.009979982939206433,0.043290690426759815,0.032549228707361655,-0.01781632254788501,-0.03198187836198829,0.012863572018857905,0.03579400817860079,0.014822338223554832,-0.04404341737941575,-0.008628508561297932,-0.06116343227776988,-0.03476119273728817,-0.005959623397817415,0.043290690426759815,0.07583991913412147,0.05802359658623646,0.026041718224248167,0.03890529024310607,0.07469929842170686,0.08952163664526169,0.04547821926584594,0.03684971070454801,-0.02431372157322187,-0.05907491431051004,-0.06503453770832746
2007-04-01,5.0,7.0,6.0,8.0,0.043290690426759815,0.032549228707361655,-0.01781632254788501,-0.03198187836198829,0.012863572018857905,0.03579400817860079,0.014822338223554832,-0.04404341737941575,-0.008628508561297932,-0.06116343227776988,-0.03476119273728817,-0.005959623397817415,0.047546697641229096,0.032549228707361655,0.014732906159476644,-0.017248972202511648,-0.004385400183653743,0.031408607994947046,0.04623094621850188,0.002187528839086128,-0.006440979722211804,-0.06760441199998168,-0.10236560473726986,-0.10832522813508727,-0.060778530493858174
2007-06-01,8.0,7.0,6.0,5.0,-0.01781632254788501,-0.03198187836198829,0.012863572018857905,0.03579400817860079,0.014822338223554832,-0.04404341737941575,-0.008628508561297932,-0.06116343227776988,-0.03476119273728817,-0.005959623397817415,0.047546697641229096,0.01067418170406853,-0.08596238482631446,-0.03198187836198829,-0.019118306343130387,0.016675701835470402,0.031498040059025234,-0.012545377320390516,-0.021173885881688448,-0.08233731815945833,-0.1170985108967465,-0.12305813429456391,-0.07551143665333482,-0.06483725494926629,-0.15079963977558075
2007-07-01,8.0,6.0,7.0,5.0,-0.03198187836198829,0.012863572018857905,0.03579400817860079,0.014822338223554832,-0.04404341737941575,-0.008628508561297932,-0.06116343227776988,-0.03476119273728817,-0.005959623397817415,0.047546697641229096,0.01067418170406853,-0.08596238482631446,-0.009859371185302779,0.012863572018857905,0.048657580197458694,0.06347991842101353,0.019436501041597776,0.010807992480299844,-0.050355439797470036,-0.08511663253475821,-0.09107625593257562,-0.043529558291346526,-0.032855376587277996,-0.11881776141359246,-0.12867713259889524
2007-09-01,8.0,6.0,7.0,5.0,0.03579400817860079,0.014822338223554832,-0.04404341737941575,-0.008628508561297932,-0.06116343227776988,-0.03476119273728817,-0.005959623397817415,0.047546697641229096,0.01067418170406853,-0.08596238482631446,-0.009859371185302779,0.012190464669121548,-0.09079143354379215,0.014822338223554832,-0.02922107915586092,-0.03784958771715885,-0.09901301999492873,-0.1337742127322169,-0.13973383613003432,-0.09218713848880522,-0.08151295678473669,-0.16747534161105115,-0.17733471279635393,-0.16514424812723238,-0.25593568167102454
2007-10-01,8.0,7.0,6.0,5.0,0.014822338223554832,-0.04404341737941575,-0.008628508561297932,-0.06116343227776988,-0.03476119273728817,-0.005959623397817415,0.047546697641229096,0.01067418170406853,-0.08596238482631446,-0.009859371185302779,0.012190464669121548,-0.09079143354379215,-0.16942452401777075,-0.04404341737941575,-0.05267192594071368,-0.11383535821848356,-0.14859655095577173,-0.15455617435358915,-0.10700947671236005,-0.09633529500829152,-0.18229767983460599,-0.19215705101990876,-0.17996658635078722,-0.27075801989457937,-0.4401825439123501
2007-11-01,6.0,4.0,5.0,7.0,-0.04404341737941575,-0.008628508561297932,-0.06116343227776988,-0.03476119273728817,-0.005959623397817415,0.047546697641229096,0.01067418170406853,-0.08596238482631446,-0.009859371185302779,0.012190464669121548,-0.09079143354379215,-0.16942452401777075,-0.0748490423387097,-0.008628508561297932,-0.06979194083906781,-0.10455313357635598,-0.1105127569741734,-0.0629660593329443,-0.05229187762887577,-0.13825426245519024,-0.14811363364049301,-0.13592316897137147,-0.22671460251516362,-0.39613912653293437,-0.4709881688716441
2008-01-01,5.0,3.0,4.0,8.0,-0.06116343227776988,-0.03476119273728817,-0.005959623397817415,0.047546697641229096,0.01067418170406853,-0.08596238482631446,-0.009859371185302779,0.012190464669121548,-0.09079143354379215,-0.16942452401777075,-0.0748490423387097,0.007821576633499472,-0.08565734305805428,-0.03476119273728817,-0.040720816135105586,0.00682588150612351,0.01750006321019204,-0.06846232161612242,-0.0783216928014252,-0.06613122813230365,-0.1569226616760958,-0.32634718569386656,-0.40119622803257626,-0.3933746513990768,-0.47903199445713107
2008-03-01,4.0,3.0,4.0,7.0,-0.005959623397817415,0.047546697641229096,0.01067418170406853,-0.08596238482631446,-0.009859371185302779,0.012190464669121548,-0.09079143354379215,-0.16942452401777075,-0.0748490423387097,0.007821576633499472,-0.08565734305805428,-0.10993119762019943,0.08540446199532292,0.047546697641229096,0.05822087934529763,-0.027741505481016837,-0.037600876666319616,-0.025410411997198068,-0.11620184554099022,-0.285626369558761,-0.3604754118974707,-0.3526538352639712,-0.4383111783220255,-0.5482423759422249,-0.462837913946902
2008-04-01,5.0,4.0,3.0,7.0,0.047546697641229096,0.01067418170406853,-0.08596238482631446,-0.009859371185302779,0.012190464669121548,-0.09079143354379215,-0.16942452401777075,-0.0748490423387097,0.007821576633499472,-0.08565734305805428,-0.10993119762019943,0.08540446199532292,0.09392507914826331,0.01067418170406853,-0.07528820312224593,-0.08514757430754871,-0.07295710963842716,-0.16374854318221932,-0.33317306719999007,-0.4080221095386998,-0.4002005329052003,-0.4858578759632546,-0.595789073583454,-0.5103846115881311,-0.4164595324398678
2008-06-01,3.0,3.0,4.0,7.0,-0.08596238482631446,-0.009859371185302779,0.012190464669121548,-0.09079143354379215,-0.16942452401777075,-0.0748490423387097,0.007821576633499472,-0.08565734305805428,-0.10993119762019943,0.08540446199532292,0.09392507914826331,0.05308144638516654,0.00019582726560996022,-0.009859371185302779,0.002331093483818769,-0.08846034005997339,-0.25788486407774414,-0.33273390641645384,-0.32491232978295437,-0.41056967284100865,-0.5205008704612081,-0.43509640846588515,-0.34117132931762184,-0.2880898829324553,-0.28789405566684534
2008-07-01,2.0,3.0,4.0,8.0,-0.009859371185302779,0.012190464669121548,-0.09079143354379215,-0.16942452401777075,-0.0748490423387097,0.007821576633499472,-0.08565734305805428,-0.10993119762019943,0.08540446199532292,0.09392507914826331,0.05308144638516654,0.00019582726560996022,0.07414172714778422,0.012190464669121548,-0.07860096887467061,-0.24802549289244136,-0.32287453523115106,-0.3150529585976516,-0.40071030165570587,-0.5106414992759053,-0.4252370372805824,-0.33131195813231906,-0.2782305117471525,-0.27803468448154256,-0.20389295733375834
2008-09-01,4.0,2.0,3.0,7.0,-0.09079143354379215,-0.16942452401777075,-0.0748490423387097,0.007821576633499472,-0.08565734305805428,-0.10993119762019943,0.08540446199532292,0.09392507914826331,0.05308144638516654,0.00019582726560996022,0.07414172714778422,0.03356018886854417,0.03572334572311964,-0.16942452401777075,-0.24427356635648045,-0.23645198972298098,-0.32210933278103526,-0.4320405304012347,-0.34663606840591177,-0.25271098925764846,-0.1996295428724819,-0.19943371560687195,-0.12529198845908773,-0.09173179959054356,-0.056008453867423924
2008-10-01,3.0,2.0,1.0,7.0,-0.16942452401777075,-0.0748490423387097,0.007821576633499472,-0.08565734305805428,-0.10993119762019943,0.08540446199532292,0.09392507914826331,0.05308144638516654,0.00019582726560996022,0.07414172714778422,0.03356018886854417,0.03572334572311964,-0.019762000526814205,-0.0748490423387097,-0.06702746570521023,-0.1526848087632645,-0.26261600638346394,-0.17721154438814102,-0.0832864652398777,-0.030205018854711163,-0.030009191589101203,0.04413253555868302,0.07769272442722719,0.11341607015034683,0.09365406962353262
2008-12-01,3.0,2.0,2.0,7.0,0.007821576633499472,-0.08565734305805428,-0.10993119762019943,0.08540446199532292,0.09392507914826331,0.05308144638516654,0.00019582726560996022,0.07414172714778422,0.03356018886854417,0.03572334572311964,-0.019762000526814205,0.05736406145372763,0.017770570919338313,-0.08565734305805428,-0.1955885406782537,-0.11018407868293079,-0.016258999534667473,0.03682244685049907,0.03701827411610903,0.11116000126389325,0.14472019013243742,0.18044353585555706,0.16068153532874285,0.21804559678247049,0.2358161677018088
2009-01-01,3.0,2.0,1.0,4.0,-0.08565734305805428,-0.10993119762019943,0.08540446199532292,0.09392507914826331,0.05308144638516654,0.00019582726560996022,0.07414172714778422,0.03356018886854417,0.03572334572311964,-0.019762000526814205,0.05736406145372763,0.017770570919338313,-0.03697424569226215,-0.10993119762019943,-0.024526735624876506,0.06939834352338681,0.12247978990855335,0.12267561717416331,0.19681734432194753,0.2303775331904917,0.26610087891361134,0.24633887838679713,0.30370293984052477,0.3214735107598631,0.2844992650676009
2009-03-01,1.0,2.0,1.0,7.0,0.08540446199532292,0.09392507914826331,0.05308144638516654,0.00019582726560996022,0.07414172714778422,0.03356018886854417,0.03572334572311964,-0.019762000526814205,0.05736406145372763,0.017770570919338313,-0.03697424569226215,0.028513689046546054,0.058796425545497355,0.09392507914826331,0.14700652553342985,0.14720235279903982,0.22134407994682403,0.2549042688153682,0.29062761453848784,0.27086561401167364,0.32822967546540127,0.3460002463847396,0.30902600069247743,0.3375396897390235,0.39633611528452084
2009-04-01,1.0,2.0,3.0,4.0,0.09392507914826331,0.05308144638516654,0.00019582726560996022,0.07414172714778422,0.03356018886854417,0.03572334572311964,-0.019762000526814205,0.05736406145372763,0.017770570919338313,-0.03697424569226215,0.028513689046546054,0.058796425545497355,0.014759230482012997,0.05308144638516654,0.0532772736507765,0.12741900079856072,0.1609791896671049,0.19670253539022453,0.17694053486341033,0.23430459631713796,0.25207516723647627,0.21510092154421412,0.24361461059076017,0.3024110361362575,0.3171702666182705
2009-06-01,2.0,3.0,2.0,4.0,0.00019582726560996022,0.07414172714778422,0.03356018886854417,0.03572334572311964,-0.019762000526814205,0.05736406145372763,0.017770570919338313,-0.03697424569226215,0.028513689046546054,0.058796425545497355,0.014759230482012997,-0.08197584207319053,-0.05388244223983851,0.07414172714778422,0.10770191601632839,0.14342526173944803,0.12366326121263382,0.18102732266636146,0.19879789358569977,0.16182364789343762,0.19033733693998367,0.24913376248548103,0.263892992967494,0.1819171508943035,0.12803470865446498
2009-07-01,2.0,3.0,4.0,5.0,0.07414172714778422,0.03356018886854417,0.03572334572311964,-0.019762000526814205,0.05736406145372763,0.017770570919338313,-0.03697424569226215,0.028513689046546054,0.058796425545497355,0.014759230482012997,-0.08197584207319053,-0.05388244223983851,0.06877784957463517,0.03356018886854417,0.06928353459166381,0.049521534064849604,0.10688559551857724,0.12465616643791555,0.0876819207456534,0.11619560979219945,0.1749920353376968,0.1897512658197098,0.10777542374651927,0.05389298150668076,0.12267083108131593
2009-09-01,3.0,4.0,5.0,6.0,0.03572334572311964,-0.019762000526814205,0.05736406145372763,0.017770570919338313,-0.03697424569226215,0.028513689046546054,0.058796425545497355,0.014759230482012997,-0.08197584207319053,-0.05388244223983851,0.06877784957463517,-0.04744918363260475,0.08755110305113556,-0.019762000526814205,0.03760206092691343,0.05537263184625174,0.018398386153989588,0.04691207520053564,0.105708500746033,0.120467731228046,0.03849188915485546,-0.01539055308498305,0.053387296489652125,0.005938112857047373,0.09348921590818293
2009-10-01,2.0,3.0,4.0,5.0,-0.019762000526814205,0.05736406145372763,0.017770570919338313,-0.03697424569226215,0.028513689046546054,0.058796425545497355,0.014759230482012997,-0.08197584207319053,-0.05388244223983851,0.06877784957463517,-0.04744918363260475,0.08755110305113556,0.03685599403554063,0.05736406145372763,0.07513463237306595,0.03816038668080379,0.06667407572734985,0.1254705012728472,0.1402297317548602,0.05825388968166967,0.0043714474418311555,0.07314929701646633,0.025700113383861578,0.11325121643499714,0.15010721047053777
2009-12-01,4.0,7.0,6.0,5.0,0.017770570919338313,-0.03697424569226215,0.028513689046546054,0.058796425545497355,0.014759230482012997,-0.08197584207319053,-0.05388244223983851,0.06877784957463517,-0.04744918363260475,0.08755110305113556,0.03685599403554063,-0.002290249746576656,0.06530004034715509,-0.03697424569226215,-0.0084605566457161,0.050335868899781255,0.06509509938179425,-0.016880742691396278,-0.07076318493123479,-0.0019853353565996157,-0.04943451898920437,0.03811658406193119,0.07497257809747182,0.07268232835089516,0.13798236869805025
2010-01-01,4.0,5.0,6.0,6.0,-0.03697424569226215,0.028513689046546054,0.058796425545497355,0.014759230482012997,-0.08197584207319053,-0.05388244223983851,0.06877784957463517,-0.04744918363260475,0.08755110305113556,0.03685599403554063,-0.002290249746576656,0.06530004034715509,0.022645574359139164,0.028513689046546054,0.08731011459204341,0.1020693450740564,0.020093503000865875,-0.03378893923897264,0.03498891033566254,-0.012460273296942215,0.07509082975419334,0.11194682378973397,0.10965657404315732,0.1749566143903124,0.19760218874945157
2010-03-01,4.0,6.0,5.0,7.0,0.058796425545497355,0.014759230482012997,-0.08197584207319053,-0.05388244223983851,0.06877784957463517,-0.04744918363260475,0.08755110305113556,0.03685599403554063,-0.002290249746576656,0.06530004034715509,0.022645574359139164,0.03195656372809341,-0.0010473129391664893,0.014759230482012997,-0.06721661159117753,-0.12109905383101605,-0.05232120425638087,-0.09977038788898562,-0.012219284837850064,0.024636709197690565,0.02234645945111391,0.087646499798269,0.11029207415740816,0.14224863788550157,0.14120132494633508
2010-04-01,4.0,7.0,6.0,5.0,0.014759230482012997,-0.08197584207319053,-0.05388244223983851,0.06877784957463517,-0.04744918363260475,0.08755110305113556,0.03685599403554063,-0.002290249746576656,0.06530004034715509,0.022645574359139164,0.03195656372809341,-0.0010473129391664893,0.028495380666536008,-0.08197584207319053,-0.13585828431302904,-0.06708043473839387,-0.11452961837099862,-0.02697851531986306,0.009877478715677568,0.007587228969100912,0.072887269316256,0.09553284367539516,0.12748940740348857,0.12644209446432209,0.1549374751308581
2010-06-01,5.0,7.0,6.0,4.0,-0.05388244223983851,0.06877784957463517,-0.04744918363260475,0.08755110305113556,0.03685599403554063,-0.002290249746576656,0.06530004034715509,0.022645574359139164,0.03195656372809341,-0.0010473129391664893,0.028495380666536008,-0.01350095289522324,-0.018257461652479323,0.06877784957463517,0.021328665942030423,0.10887976899316598,0.1457357630287066,0.14344551328212996,0.20874555362928504,0.2313911279884242,0.2633476917165176,0.26230037877735113,0.29079575944388714,0.2772948065486639,0.2590373448961846
2010-07-01,4.0,6.0,5.0,7.0,0.06877784957463517,-0.04744918363260475,0.08755110305113556,0.03685599403554063,-0.002290249746576656,0.06530004034715509,0.022645574359139164,0.03195656372809341,-0.0010473129391664893,0.028495380666536008,-0.01350095289522324,-0.018257461652479323,-0.02147442530666621,-0.04744918363260475,0.04010191941853081,0.07695791345407144,0.07466766370749478,0.13996770405464987,0.16261327841378903,0.19456984214188244,0.19352252920271595,0.22201790986925196,0.20851695697402872,0.1902594953215494,0.1687850700148832
2010-09-01,5.0,6.0,6.0,7.0,0.08755110305113556,0.03685599403554063,-0.002290249746576656,0.06530004034715509,0.022645574359139164,0.03195656372809341,-0.0010473129391664893,0.028495380666536008,-0.01350095289522324,-0.018257461652479323,-0.02147442530666621,-0.05679110795232889,-0.07176198808089651,0.03685599403554063,0.03456574428896397,0.09986578463611906,0.12251135899525822,0.15446792272335164,0.15342060978418515,0.18191599045072115,0.16841503755549792,0.1501575759030186,0.12868315059635238,0.07189204264402349,0.00013005456312698005
2010-10-01,4.0,6.0,6.0,7.0,0.03685599403554063,-0.002290249746576656,0.06530004034715509,0.022645574359139164,0.03195656372809341,-0.0010473129391664893,0.028495380666536008,-0.01350095289522324,-0.018257461652479323,-0.02147442530666621,-0.05679110795232889,-0.07176198808089651,0.10772303843744147,-0.002290249746576656,0.06300979060057843,0.0856553649597176,0.11761192868781101,0.11656461574864452,0.14505999641518053,0.13155904351995729,0.11330158186747796,0.09182715656081175,0.03503604860848286,-0.03672593947241365,0.07099709896502782
2010-12-01,5.0,7.0,6.0,8.0,0.06530004034715509,0.022645574359139164,0.03195656372809341,-0.0010473129391664893,0.028495380666536008,-0.01350095289522324,-0.018257461652479323,-0.02147442530666621,-0.05679110795232889,-0.07176198808089651,0.10772303843744147,-0.005058715107011391,0.008532763666636134,0.022645574359139164,0.05460213808723258,0.05355482514806609,0.0820502058146021,0.06854925291937886,0.05029179126689953,0.02881736596023332,-0.02797374199209557,-0.09973573007299208,0.007987308364449386,0.0029285932574379947,0.011461356924074129
2011-01-01,5.0,7.0,6.0,8.0,0.022645574359139164,0.03195656372809341,-0.0010473129391664893,0.028495380666536008,-0.01350095289522324,-0.018257461652479323,-0.02147442530666621,-0.05679110795232889,-0.07176198808089651,0.10772303843744147,-0.005058715107011391,0.008532763666636134,0.043583062704985354,0.03195656372809341,0.030909250788926923,0.05940463145546293,0.04590367856023969,0.027646216907760368,0.0061717916010941565,-0.05061931635123473,-0.12238130443213124,-0.014658265994689779,-0.01971698110170117,-0.011184217435065036,0.03239884526992032
2011-03-01,6.0,7.0,6.0,8.0,-0.0010473129391664893,0.028495380666536008,-0.01350095289522324,-0.018257461652479323,-0.02147442530666621,-0.05679110795232889,-0.07176198808089651,0.10772303843744147,-0.005058715107011391,0.008532763666636134,0.043583062704985354,0.04058946376811723,0.03133231453144192,0.028495380666536008,0.014994427771312768,-0.003263033881166555,-0.024737459187832767,-0.08152856714016166,-0.15329055522105817,-0.0455675167836167,-0.05062623189062809,-0.04209346822399196,0.0014895944809933948,0.042079058249110624,0.07341137278055254
2011-04-01,7.0,7.0,6.0,8.0,0.028495380666536008,-0.01350095289522324,-0.018257461652479323,-0.02147442530666621,-0.05679110795232889,-0.07176198808089651,0.10772303843744147,-0.005058715107011391,0.008532763666636134,0.043583062704985354,0.04058946376811723,0.03133231453144192,-0.007497452372495994,-0.01350095289522324,-0.03175841454770256,-0.053232839854368774,-0.11002394780669766,-0.18178593588759417,-0.07406289745015271,-0.0791216125571641,-0.07058884889052797,-0.027005786185542613,0.013583677582574616,0.044915992114016534,0.03741853974152054
2011-06-01,7.0,6.0,6.0,8.0,-0.018257461652479323,-0.02147442530666621,-0.05679110795232889,-0.07176198808089651,0.10772303843744147,-0.005058715107011391,0.008532763666636134,0.043583062704985354,0.04058946376811723,0.03133231453144192,-0.007497452372495994,-0.06265072571454366,0.03955498222833631,-0.02147442530666621,-0.0782655332589951,-0.1500275213398916,-0.04230448290245015,-0.04736319800946154,-0.038830434342825404,0.00475262836215995,0.04534209213027718,0.0766744066617191,0.0691769542892231,0.006526228574679438,0.04608121080301575
2011-07-01,5.0,7.0,6.0,8.0,-0.02147442530666621,-0.05679110795232889,-0.07176198808089651,0.10772303843744147,-0.005058715107011391,0.008532763666636134,0.043583062704985354,0.04058946376811723,0.03133231453144192,-0.007497452372495994,-0.06265072571454366,0.03955498222833631,0.012597574204787909,-0.05679110795232889,-0.1285530960332254,-0.020830057595783935,-0.025888772702795326,-0.017356009036159192,0.02622705366882616,0.06681651743694339,0.09814883196838531,0.09065137959588931,0.02800065388134565,0.06755563610968196,0.08015321031446987
2011-09-01,7.0,6.0,5.0,4.0,-0.07176198808089651,0.10772303843744147,-0.005058715107011391,0.008532763666636134,0.043583062704985354,0.04058946376811723,0.03133231453144192,-0.007497452372495994,-0.06265072571454366,0.03955498222833631,0.012597574204787909,0.019763369506085704,0.024236153617775313,0.10772303843744147,0.10266432333043007,0.11119708699706621,0.15478014970205156,0.1953696134701688,0.2267019280016107,0.21920447562911471,0.15655374991457105,0.19610873214290736,0.20870630634769527,0.22846967585378097,0.2527058294715563
2011-10-01,5.0,7.0,6.0,8.0,0.10772303843744147,-0.005058715107011391,0.008532763666636134,0.043583062704985354,0.04058946376811723,0.03133231453144192,-0.007497452372495994,-0.06265072571454366,0.03955498222833631,0.012597574204787909,0.019763369506085704,0.024236153617775313,-0.01978940971629395,-0.005058715107011391,0.003474048559624743,0.047057111264610096,0.08764657503272733,0.11897888956416924,0.11148143719167325,0.048830711477129585,0.0883856937054659,0.1009832679102538,0.12074663741633951,0.14498279103411482,0.12519338131782087
2011-11-01,4.0,6.0,5.0,7.0,-0.005058715107011391,0.008532763666636134,0.043583062704985354,0.04058946376811723,0.03133231453144192,-0.007497452372495994,-0.06265072571454366,0.03955498222833631,0.012597574204787909,0.019763369506085704,0.024236153617775313,-0.01978940971629395,0.0028467166850427716,0.008532763666636134,0.05211582637162149,0.09270529013973872,0.12403760467118063,0.11654015229868464,0.053889426584140976,0.09344440881247729,0.1060419830172652,0.1258053525233509,0.1500415061411262,0.13025209642483226,0.13309881310987504
2012-01-01,6.0,8.0,7.0,4.0,0.043583062704985354,0.04058946376811723,0.03133231453144192,-0.007497452372495994,-0.06265072571454366,0.03955498222833631,0.012597574204787909,0.019763369506085704,0.024236153617775313,-0.01978940971629395,0.0028467166850427716,0.007068230956284616,0.050428096466868855,0.04058946376811723,0.07192177829955915,0.06442432592706315,0.0017736002125194883,0.0413285824408558,0.05392615664564371,0.07368952615172941,0.09792567976950473,0.07813627005321078,0.08098298673825355,0.08805121769453816,0.13847931416140702
2012-02-01,8.0,7.0,6.0,5.0,0.04058946376811723,0.03133231453144192,-0.007497452372495994,-0.06265072571454366,0.03955498222833631,0.012597574204787909,0.019763369506085704,0.024236153617775313,-0.01978940971629395,0.0028467166850427716,0.007068230956284616,0.050428096466868855,0.011060648765041536,0.03133231453144192,0.023834862158945924,-0.03881586355559774,0.0007391186727385701,0.01333669287752648,0.03310006238361218,0.0573362160013875,0.03754680628509355,0.04039352297013632,0.047461753926420935,0.09788985039328979,0.10895049915833133
2012-04-01,8.0,7.0,6.0,4.0,-0.007497452372495994,-0.06265072571454366,0.03955498222833631,0.012597574204787909,0.019763369506085704,0.024236153617775313,-0.01978940971629395,0.0028467166850427716,0.007068230956284616,0.050428096466868855,0.011060648765041536,0.03598772398287298,0.018085767779890016,-0.06265072571454366,-0.023095743486207354,-0.010498169281419445,0.009265200224666259,0.03350135384244157,0.013711944126147624,0.016558660811190395,0.02362689176747501,0.07405498823434387,0.0851156369993854,0.12110336098225838,0.1391891287621484
2012-06-01,8.0,7.0,7.0,6.0,0.03955498222833631,0.012597574204787909,0.019763369506085704,0.024236153617775313,-0.01978940971629395,0.0028467166850427716,0.007068230956284616,0.050428096466868855,0.011060648765041536,0.03598772398287298,0.018085767779890016,0.020762811683057825,-0.014999301595580827,0.012597574204787909,0.03236094371087361,0.056597097328648927,0.03680768761235498,0.03965440429739775,0.046722635253682365,0.09715073172055122,0.10821138048559276,0.14419910446846573,0.16228487224835575,0.18304768393141357,0.16804838233583275
2012-07-01,5.0,6.0,6.0,7.0,0.012597574204787909,0.019763369506085704,0.024236153617775313,-0.01978940971629395,0.0028467166850427716,0.007068230956284616,0.050428096466868855,0.011060648765041536,0.03598772398287298,0.018085767779890016,0.020762811683057825,-0.014999301595580827,0.04946207991308538,0.019763369506085704,0.04399952312386102,0.02421011340756707,0.02705683009260984,0.034125061048894456,0.08455315751576331,0.09561380628080485,0.13160153026367782,0.14968729804356784,0.17045010972662566,0.15545080813104484,0.20491288804413021
2012-08-01,5.0,7.0,6.0,4.0,0.019763369506085704,0.024236153617775313,-0.01978940971629395,0.0028467166850427716,0.007068230956284616,0.050428096466868855,0.011060648765041536,0.03598772398287298,0.018085767779890016,0.020762811683057825,-0.014999301595580827,0.04946207991308538,-0.031298019479343964,0.024236153617775313,0.004446743901481365,0.007293460586524136,0.014361691542808752,0.0647897880096776,0.07585043677471914,0.11183816075759212,0.12992392853748214,0.15068674022053996,0.13568743862495913,0.1851495185380445,0.15385149905870055
2012-10-01,4.0,6.0,5.0,7.0,-0.01978940971629395,0.0028467166850427716,0.007068230956284616,0.050428096466868855,0.011060648765041536,0.03598772398287298,0.018085767779890016,0.020762811683057825,-0.014999301595580827,0.04946207991308538,-0.031298019479343964,0.029749523259195332,0.04459575276194472,0.0028467166850427716,0.009914947641327387,0.06034304410819624,0.07140369287323778,0.10739141685611076,0.12547718463600077,0.1462399963190586,0.13124069472347777,0.18070277463656315,0.14940475515721918,0.17915427841641451,0.22375003117835923
2012-11-01,6.0,7.0,6.0,5.0,0.0028467166850427716,0.007068230956284616,0.050428096466868855,0.011060648765041536,0.03598772398287298,0.018085767779890016,0.020762811683057825,-0.014999301595580827,0.04946207991308538,-0.031298019479343964,0.029749523259195332,0.04459575276194472,0.028049471367328715,0.007068230956284616,0.05749632742315347,0.068556976188195,0.10454470017106798,0.122630467950958,0.14339327963401582,0.128393978038435,0.17785605795152037,0.1465580384721764,0.17630756173137174,0.22090331449331646,0.24895278586064518
2013-01-01,5.0,7.0,6.0,6.0,0.050428096466868855,0.011060648765041536,0.03598772398287298,0.018085767779890016,0.020762811683057825,-0.014999301595580827,0.04946207991308538,-0.031298019479343964,0.029749523259195332,0.04459575276194472,0.028049471367328715,0.023562791975445974,-0.035582905955811595,0.011060648765041536,0.04704837274791451,0.06513414052780453,0.08589695221086235,0.07089765061528153,0.1203597305283669,0.08906171104902294,0.11881123430821827,0.163406987070163,0.1914564584374917,0.21501925041293768,0.17943634445712608
2013-03-01,6.0,7.0,6.0,5.0,0.03598772398287298,0.018085767779890016,0.020762811683057825,-0.014999301595580827,0.04946207991308538,-0.031298019479343964,0.029749523259195332,0.04459575276194472,0.028049471367328715,0.023562791975445974,-0.035582905955811595,0.0431170301781616,0.006932165418227054,0.018085767779890016,0.03884857946294784,0.023849277867367014,0.07331135778045239,0.04201333830110843,0.07176286156030376,0.11635861432224848,0.1444080856895772,0.16797087766502317,0.13238797170921157,0.17550500188737317,0.18243716730560022
2013-04-01,7.0,6.0,7.0,5.0,0.018085767779890016,0.020762811683057825,-0.014999301595580827,0.04946207991308538,-0.031298019479343964,0.029749523259195332,0.04459575276194472,0.028049471367328715,0.023562791975445974,-0.035582905955811595,0.0431170301781616,0.006932165418227054,0.006200789153414155,0.020762811683057825,0.005763510087476997,0.055225590000562375,0.02392757052121841,0.05367709378041374,0.09827284654235846,0.12632231790968718,0.14988510988513315,0.11430220392932156,0.15741923410748315,0.1643513995257102,0.17055218867912436
2013-06-01,6.0,7.0,7.0,5.0,-0.014999301595580827,0.04946207991308538,-0.031298019479343964,0.029749523259195332,0.04459575276194472,0.028049471367328715,0.023562791975445974,-0.035582905955811595,0.0431170301781616,0.006932165418227054,0.006200789153414155,0.02103028007328045,0.019058331749470137,0.04946207991308538,0.018164060433741414,0.047913583692936745,0.09250933645488146,0.12055880782221018,0.14412159979765615,0.10853869384184456,0.15165572402000616,0.1585878894382332,0.16478867859164736,0.1858189586649278,0.20487729041439795
2013-07-01,6.0,7.0,6.0,5.0,0.04946207991308538,-0.031298019479343964,0.029749523259195332,0.04459575276194472,0.028049471367328715,0.023562791975445974,-0.035582905955811595,0.0431170301781616,0.006932165418227054,0.006200789153414155,0.02103028007328045,0.019058331749470137,-0.015079830845342368,-0.031298019479343964,-0.0015484962201486319,0.043047256541796086,0.0710967279091248,0.09465951988457078,0.05907661392875918,0.10219364410692078,0.10912580952514783,0.11532659867856199,0.13635687875184244,0.15541521050131257,0.1403353796559702
2013-09-01,8.0,7.0,6.0,4.0,0.029749523259195332,0.04459575276194472,0.028049471367328715,0.023562791975445974,-0.035582905955811595,0.0431170301781616,0.006932165418227054,0.006200789153414155,0.02103028007328045,0.019058331749470137,-0.015079830845342368,0.037655295579825276,-0.015513837249453988,0.04459575276194472,0.07264522412927343,0.09620801610471941,0.06062511014890781,0.10374214032706941,0.11067430574529646,0.11687509489871062,0.13790537497199107,0.1569637067214612,0.14188387587611884,0.1795391714559441,0.16402533420649013
2013-10-01,5.0,7.0,6.0,4.0,0.04459575276194472,0.028049471367328715,0.023562791975445974,-0.035582905955811595,0.0431170301781616,0.006932165418227054,0.006200789153414155,0.02103028007328045,0.019058331749470137,-0.015079830845342368,0.037655295579825276,-0.015513837249453988,0.023201460667203078,0.028049471367328715,0.05161226334277469,0.016029357386963095,0.05914638756512469,0.06607855298335175,0.0722793421367659,0.09330962221004635,0.11236795395951649,0.09728812311417412,0.1349434186939994,0.11942958144454541,0.14263104211174849
2013-12-01,5.0,7.0,6.0,4.0,0.023562791975445974,-0.035582905955811595,0.0431170301781616,0.006932165418227054,0.006200789153414155,0.02103028007328045,0.019058331749470137,-0.015079830845342368,0.037655295579825276,-0.015513837249453988,0.023201460667203078,0.02453358864631494,-0.004188587515997044,-0.035582905955811595,0.007534124222350003,0.014466289640577057,0.02066707879399121,0.04169735886727166,0.0607556906167418,0.04567585977139943,0.0833311553512247,0.06781731810177072,0.0910187787689738,0.11555236741528874,0.11136377989929169
2014-01-01,9.0,7.0,8.0,5.0,-0.035582905955811595,0.0431170301781616,0.006932165418227054,0.006200789153414155,0.02103028007328045,0.019058331749470137,-0.015079830845342368,0.037655295579825276,-0.015513837249453988,0.023201460667203078,0.02453358864631494,-0.004188587515997044,-0.031040805838410623,0.0431170301781616,0.05004919559638865,0.056249984749802806,0.07728026482308326,0.09633859657255339,0.08125876572721102,0.1189140613070363,0.10340022405758231,0.1266016847247854,0.15113527337110033,0.1469466858551033,0.11590588001669266
2014-03-01,7.0,6.0,6.0,5.0,0.006932165418227054,0.006200789153414155,0.02103028007328045,0.019058331749470137,-0.015079830845342368,0.037655295579825276,-0.015513837249453988,0.023201460667203078,0.02453358864631494,-0.004188587515997044,-0.031040805838410623,0.0548925108906233,-0.017396107114219572,0.006200789153414155,0.027231069226694604,0.04628940097616474,0.031209570130822373,0.06886486571064765,0.05335102846119366,0.07655248912839674,0.10108607777471168,0.09689749025871464,0.06585668442030401,0.12074919531092732,0.10335308819670774
2014-04-01,5.0,7.0,6.0,4.0,0.006200789153414155,0.02103028007328045,0.019058331749470137,-0.015079830845342368,0.037655295579825276,-0.015513837249453988,0.023201460667203078,0.02453358864631494,-0.004188587515997044,-0.031040805838410623,0.0548925108906233,-0.017396107114219572,0.008520819822535275,0.02103028007328045,0.040088611822750586,0.025008780977408218,0.0626640765572335,0.04715023930777951,0.07035169997498258,0.09488528862129753,0.09069670110530048,0.05965589526688986,0.11454840615751316,0.09715229904329359,0.10567311886582886
2014-06-01,8.0,7.0,7.0,5.0,0.019058331749470137,-0.015079830845342368,0.037655295579825276,-0.015513837249453988,0.023201460667203078,0.02453358864631494,-0.004188587515997044,-0.031040805838410623,0.0548925108906233,-0.017396107114219572,0.008520819822535275,0.010491382304589791,-0.021011671979729973,-0.015079830845342368,0.02257546473448291,0.007061627485028921,0.030263088152232,0.05479667679854694,0.050608089282549895,0.019567283444139272,0.07445979433476257,0.057063687220543,0.06558450704307828,0.07607588934766807,0.055064217367938095
2014-07-01,7.0,8.0,7.0,6.0,-0.015079830845342368,0.037655295579825276,-0.015513837249453988,0.023201460667203078,0.02453358864631494,-0.004188587515997044,-0.031040805838410623,0.0548925108906233,-0.017396107114219572,0.008520819822535275,0.010491382304589791,-0.021011671979729973,0.019742029435184882,0.037655295579825276,0.02214145833037129,0.045342918997574366,0.06987650764388931,0.06568792012789226,0.03464711428948164,0.08953962518010494,0.07214351806588537,0.08066433788842065,0.09115572019301044,0.07014404821328046,0.08988607764846535
2014-09-01,5.0,7.0,6.0,4.0,-0.015513837249453988,0.023201460667203078,0.02453358864631494,-0.004188587515997044,-0.031040805838410623,0.0548925108906233,-0.017396107114219572,0.008520819822535275,0.010491382304589791,-0.021011671979729973,0.019742029435184882,-0.06258081825586559,-0.026442831280001466,0.023201460667203078,0.04773504931351802,0.043546461797520974,0.012505655959110351,0.06739816684973365,0.05000205973551408,0.05852287955804936,0.06901426186263915,0.048002589882909175,0.06774461931809406,0.005163801062228468,-0.021279030217773
2014-10-01,6.0,7.0,6.0,5.0,0.023201460667203078,0.02453358864631494,-0.004188587515997044,-0.031040805838410623,0.0548925108906233,-0.017396107114219572,0.008520819822535275,0.010491382304589791,-0.021011671979729973,0.019742029435184882,-0.06258081825586559,-0.026442831280001466,0.08298311781266654,0.02453358864631494,0.020345001130317897,-0.010695804708092727,0.044196706182530576,0.026800599068311004,0.03532141889084628,0.04581280119543607,0.024801129215706097,0.04454315865089098,-0.01803765960497461,-0.044480490884976076,0.038502626927690464
2014-12-01,9.0,8.0,7.0,4.0,-0.004188587515997044,-0.031040805838410623,0.0548925108906233,-0.017396107114219572,0.008520819822535275,0.010491382304589791,-0.021011671979729973,0.019742029435184882,-0.06258081825586559,-0.026442831280001466,0.08298311781266654,0.0005048691103348713,-0.017530185032692547,-0.031040805838410623,0.02385170505221268,0.006455597937993107,0.014976417760528382,0.025467800065118174,0.0044561280853882,0.024198157520573083,-0.038382660735292506,-0.06482549201529397,0.018157625797372567,0.01866249490770744,0.0011323098750148919
2015-01-01,6.0,7.0,6.0,5.0,-0.031040805838410623,0.0548925108906233,-0.017396107114219572,0.008520819822535275,0.010491382304589791,-0.021011671979729973,0.019742029435184882,-0.06258081825586559,-0.026442831280001466,0.08298311781266654,0.0005048691103348713,-0.017530185032692547,-0.0507353220469523,0.0548925108906233,0.03749640377640373,0.046017223598939005,0.0565086059035288,0.035496933923798824,0.055238963358983706,-0.007341854896881883,-0.03378468617688335,0.04919843163578319,0.04970330074611806,0.032173115713425515,-0.018562206333526787
2015-03-01,8.0,7.0,6.0,5.0,-0.017396107114219572,0.008520819822535275,0.010491382304589791,-0.021011671979729973,0.019742029435184882,-0.06258081825586559,-0.026442831280001466,0.08298311781266654,0.0005048691103348713,-0.017530185032692547,-0.0507353220469523,-0.0041283603090035426,0.06599111444005845,0.008520819822535275,0.019012202127125066,-0.001999469852604907,0.017742559582579975,-0.044838258673285614,-0.07128108995328708,0.01170202785937946,0.012206896969714331,-0.005323288062978215,-0.05605861010993052,-0.06018697041893406,0.005804144021124391
2015-04-01,5.0,7.0,6.0,4.0,0.008520819822535275,0.010491382304589791,-0.021011671979729973,0.019742029435184882,-0.06258081825586559,-0.026442831280001466,0.08298311781266654,0.0005048691103348713,-0.017530185032692547,-0.0507353220469523,-0.0041283603090035426,0.06599111444005845,0.0026993982833325436,0.010491382304589791,-0.010520289675140182,0.0092217397600447,-0.05335907849582089,-0.07980190977582236,0.0031812080368441853,0.0036860771471790565,-0.01384410788551349,-0.06457942993246579,-0.06870779024146934,-0.002716675801410884,-1.7277518078340215e-05
2015-06-01,6.0,7.0,6.0,5.0,-0.021011671979729973,0.019742029435184882,-0.06258081825586559,-0.026442831280001466,0.08298311781266654,0.0005048691103348713,-0.017530185032692547,-0.0507353220469523,-0.0041283603090035426,0.06599111444005845,0.0026993982833325436,0.015324602525288444,0.0009109212401243738,0.019742029435184882,-0.04283878882068071,-0.06928162010068217,0.013701497711984367,0.014206366822319239,-0.0033238182103733083,-0.05405914025732561,-0.05818750056632915,0.007803613873729298,0.010503012157061842,0.025827614682350286,0.02673853592247466
2015-07-01,8.0,7.0,7.0,5.0,0.019742029435184882,-0.06258081825586559,-0.026442831280001466,0.08298311781266654,0.0005048691103348713,-0.017530185032692547,-0.0507353220469523,-0.0041283603090035426,0.06599111444005845,0.0026993982833325436,0.015324602525288444,0.0009109212401243738,0.035609800753315435,-0.06258081825586559,-0.08902364953586706,-0.006040531723200515,-0.005535662612865644,-0.02306584764555819,-0.0738011696925105,-0.07792953000151404,-0.011938415561455584,-0.00923901727812304,0.006085585247165404,0.0069965064872897775,0.04260630724060521
2015-09-01,6.0,6.0,7.0,5.0,-0.026442831280001466,0.08298311781266654,0.0005048691103348713,-0.017530185032692547,-0.0507353220469523,-0.0041283603090035426,0.06599111444005845,0.0026993982833325436,0.015324602525288444,0.0009109212401243738,0.035609800753315435,-0.0012192428990193127,-0.0012344511393173052,0.08298311781266654,0.08348798692300141,0.06595780189030886,0.015222479843356562,0.01109411953435302,0.07708523397441147,0.07978463225774401,0.09510923478303246,0.09602015602315683,0.13162995677647227,0.13041071387745296,0.12917626273813565
2015-10-01,8.0,7.0,6.0,5.0,0.08298311781266654,0.0005048691103348713,-0.017530185032692547,-0.0507353220469523,-0.0041283603090035426,0.06599111444005845,0.0026993982833325436,0.015324602525288444,0.0009109212401243738,0.035609800753315435,-0.0012192428990193127,-0.0012344511393173052,-0.01942567890903446,0.0005048691103348713,-0.017025315922357676,-0.06776063796930998,-0.07188899827831352,-0.005897883838255069,-0.0031984855549225255,0.012126116970365919,0.013037038210490293,0.04864683896380573,0.047427596064786415,0.04619314492546911,0.02676746601643465
2015-12-01,8.0,7.0,6.0,5.0,-0.017530185032692547,-0.0507353220469523,-0.0041283603090035426,0.06599111444005845,0.0026993982833325436,0.015324602525288444,0.0009109212401243738,0.035609800753315435,-0.0012192428990193127,-0.0012344511393173052,-0.01942567890903446,0.034174521829295035,0.01820076244186586,-0.0507353220469523,-0.054863682355955845,0.011127432084102606,0.01382683036743515,0.029151432892723594,0.030062354132847968,0.0656721548861634,0.06445291198714409,0.06321846084782679,0.043792781938792325,0.07796730376808736,0.09616806620995322
2016-01-01,7.0,6.0,6.0,4.0,-0.0507353220469523,-0.0041283603090035426,0.06599111444005845,0.0026993982833325436,0.015324602525288444,0.0009109212401243738,0.035609800753315435,-0.0012192428990193127,-0.0012344511393173052,-0.01942567890903446,0.034174521829295035,0.01820076244186586,0.01788435819838252,-0.0041283603090035426,0.06186275413105491,0.06456215241438745,0.0798867549396759,0.08079767617980027,0.1164074769331157,0.11518823403409639,0.11395378289477909,0.09452810398574463,0.12870262581503966,0.14690338825690552,0.16478774645528804
2016-03-01,8.0,7.0,6.0,5.0,0.06599111444005845,0.0026993982833325436,0.015324602525288444,0.0009109212401243738,0.035609800753315435,-0.0012192428990193127,-0.0012344511393173052,-0.01942567890903446,0.034174521829295035,0.01820076244186586,0.01788435819838252,0.03719816006681631,-0.0003891971352694146,0.0026993982833325436,0.018024000808620988,0.018934922048745362,0.0545447228020608,0.053325479903041484,0.05209102876372418,0.03266534985468972,0.06683987168398475,0.08504063412585061,0.10292499232423313,0.14012315239104944,0.13973395525578003
2016-07-01,7.0,6.0,6.0,5.0,0.035609800753315435,-0.0012192428990193127,-0.0012344511393173052,-0.01942567890903446,0.034174521829295035,0.01820076244186586,0.01788435819838252,0.03719816006681631,-0.0003891971352694146,0.009091208748854607,0.011576251246328662,0.004813775207812565,0.019348826001101882,-0.0012192428990193127,-0.002453694038336618,-0.02187937294737108,0.012295148881923956,0.030495911323789815,0.04838026952217234,0.08557842958898865,0.08518923245371923,0.09428044120257384,0.1058566924489025,0.11067046765671507,0.13001929365781695
2016-09-01,8.0,6.0,6.0,5.0,-0.0012344511393173052,-0.01942567890903446,0.034174521829295035,0.01820076244186586,0.01788435819838252,0.03719816006681631,-0.0003891971352694146,0.009091208748854607,0.011576251246328662,0.004813775207812565,0.019348826001101882,0.000546433019853243,0.019302978562167672,-0.01942567890903446,0.014748842920260574,0.03294960536212643,0.050833963560508955,0.08803212362732526,0.08764292649205585,0.09673413524091046,0.10831038648723912,0.11312416169505168,0.13247298769615357,0.1330194207160068,0.15232239927817448
2016-10-01,8.0,7.0,6.0,5.0,-0.01942567890903446,0.034174521829295035,0.01820076244186586,0.01788435819838252,0.03719816006681631,-0.0003891971352694146,0.009091208748854607,0.011576251246328662,0.004813775207812565,0.019348826001101882,0.000546433019853243,0.019302978562167672,0.02218813506615125,0.034174521829295035,0.05237528427116089,0.07025964246954342,0.10745780253635973,0.10706860540109031,0.11615981414994492,0.12773606539627358,0.13254984060408614,0.15189866660518803,0.15244509962504127,0.17174807818720894,0.1939362132533602
2016-11-01,8.0,7.0,6.0,5.0,0.034174521829295035,0.01820076244186586,0.01788435819838252,0.03719816006681631,-0.0003891971352694146,0.009091208748854607,0.011576251246328662,0.004813775207812565,0.019348826001101882,0.000546433019853243,0.019302978562167672,0.02218813506615125,0.028082627806563343,0.01820076244186586,0.03608512064024838,0.07328328070706469,0.07289408357179528,0.08198529232064988,0.09356154356697854,0.09837531877479111,0.11772414477589299,0.11827057779574623,0.1375735563579139,0.15976169142406516,0.1878443192306285
2017-01-01,8.0,6.0,7.0,6.0,0.01788435819838252,0.03719816006681631,-0.0003891971352694146,0.009091208748854607,0.011576251246328662,0.004813775207812565,0.019348826001101882,0.000546433019853243,0.019302978562167672,0.02218813506615125,0.028082627806563343,0.009831630594270502,0.05617870412552817,0.03719816006681631,0.036808962931546896,0.0459001716804015,0.057476422926730164,0.06229019813454273,0.08163902413564461,0.08218545715549785,0.10148843571766553,0.12367657078381677,0.15175919859038012,0.16159082918465062,0.2177695333101788
2017-03-01,8.0,7.0,7.0,6.0,-0.0003891971352694146,0.009091208748854607,0.011576251246328662,0.004813775207812565,0.019348826001101882,0.000546433019853243,0.019302978562167672,0.02218813506615125,0.028082627806563343,0.009831630594270502,0.05617870412552817,-0.0389473718793677,-0.02688449860055664,0.009091208748854607,0.020667459995183268,0.025481235202995833,0.044830061204097715,0.04537649422395096,0.06467947278611863,0.08686760785226988,0.11495023565883322,0.12478186625310372,0.1809605703786319,0.1420131984992642,0.11512869989870755
2017-04-01,8.0,6.0,7.0,5.0,0.009091208748854607,0.011576251246328662,0.004813775207812565,0.019348826001101882,0.000546433019853243,0.019302978562167672,0.02218813506615125,0.028082627806563343,0.009831630594270502,0.05617870412552817,-0.0389473718793677,-0.02688449860055664,0.0027187749953683227,0.011576251246328662,0.016390026454141227,0.03573885245524311,0.03628528547509635,0.055588264037264024,0.07777639910341527,0.10585902690997862,0.11569065750424912,0.17186936162977728,0.13292198975040959,0.10603749114985295,0.10875626614522127
2017-05-01,8.0,6.0,7.0,5.0,0.011576251246328662,0.004813775207812565,0.019348826001101882,0.000546433019853243,0.019302978562167672,0.02218813506615125,0.028082627806563343,0.009831630594270502,0.05617870412552817,-0.0389473718793677,-0.02688449860055664,0.0027187749953683227,0.0216083418545836,0.004813775207812565,0.024162601208914447,0.02470903422876769,0.04401201279093536,0.06620014785708661,0.09428277566364995,0.10411440625792046,0.16029311038344862,0.12134573850408092,0.09446123990352429,0.09718001489889261,0.11878835675347621
2017-07-01,6.0,7.0,7.0,6.0,0.019348826001101882,0.000546433019853243,0.019302978562167672,0.02218813506615125,0.028082627806563343,0.009831630594270502,0.05617870412552817,-0.0389473718793677,-0.02688449860055664,0.0027187749953683227,0.0216083418545836,0.00484243626760783,0.03602155617289915,0.000546433019853243,0.019849411582020915,0.042037546648172164,0.0701201744547355,0.07995180504900601,0.13613050917453418,0.09718313729516648,0.07029863869460984,0.07301741368997816,0.09462575554456176,0.09946819181216959,0.13548974798506874
2017-09-01,4.0,7.0,6.0,8.0,0.019302978562167672,0.02218813506615125,0.028082627806563343,0.009831630594270502,0.05617870412552817,-0.0389473718793677,-0.02688449860055664,0.0027187749953683227,0.0216083418545836,0.00484243626760783,0.03602155617289915,0.030263211276748248,0.0042942874264617625,0.02218813506615125,0.05027076287271459,0.06010239346698509,0.11628109759251326,0.07733372571314556,0.050449227112588924,0.053168002107957246,0.07477634396254085,0.07961878023014868,0.11564033640304783,0.14590354767979608,0.15019783510625784
2017-10-01,5.0,6.0,7.0,6.0,0.02218813506615125,0.028082627806563343,0.009831630594270502,0.05617870412552817,-0.0389473718793677,-0.02688449860055664,0.0027187749953683227,0.0216083418545836,0.00484243626760783,0.03602155617289915,0.030263211276748248,0.0042942874264617625,-0.0694033560936963,0.028082627806563343,0.037914258400833845,0.09409296252636201,0.055145590646994314,0.028261092046437675,0.030979867041805997,0.0525882088963896,0.05743064516399743,0.09345220133689658,0.12371541261364483,0.1280097000401066,0.05860634394641029
2017-11-01,4.0,6.0,7.0,8.0,0.028082627806563343,0.009831630594270502,0.05617870412552817,-0.0389473718793677,-0.02688449860055664,0.0027187749953683227,0.0216083418545836,0.00484243626760783,0.03602155617289915,0.030263211276748248,0.0042942874264617625,-0.0694033560936963,0.01785935665477978,0.009831630594270502,0.06601033471979867,0.02706296284043097,0.0001784642398743319,0.0028972392352426546,0.024505581089826256,0.029348017357434086,0.06536957353033324,0.09563278480708148,0.09992707223354325,0.030523716139846946,0.048383072794626725
2018-01-01,6.0,8.0,7.0,5.0,0.05617870412552817,-0.0389473718793677,-0.02688449860055664,0.0027187749953683227,0.0216083418545836,0.00484243626760783,0.03602155617289915,0.030263211276748248,0.0042942874264617625,-0.0694033560936963,0.01785935665477978,-0.09177689467997252,0.07868440166582613,-0.0389473718793677,-0.06583187047992434,-0.06311309548455601,-0.04150475362997241,-0.03666231736236458,-0.000640761189465433,0.029622450087282814,0.03391673751374458,-0.03548661857995172,-0.017627261925171944,-0.10940415660514446,-0.030719754939318333
2018-03-01,8.0,6.0,7.0,7.0,-0.02688449860055664,0.0027187749953683227,0.0216083418545836,0.00484243626760783,0.03602155617289915,0.030263211276748248,0.0042942874264617625,-0.0694033560936963,0.01785935665477978,-0.09177689467997252,0.07868440166582613,0.029728889343927145,0.01792425624958849,0.0027187749953683227,0.024327116849951924,0.029169553117559754,0.0651911092904589,0.09545432056720715,0.09974860799366891,0.030345251899972614,0.04820460855475239,-0.04357228612522013,0.035112115540606004,0.06484100488453315,0.08276526113412164
2018-04-01,6.0,7.0,7.0,8.0,0.0027187749953683227,0.0216083418545836,0.00484243626760783,0.03602155617289915,0.030263211276748248,0.0042942874264617625,-0.0694033560936963,0.01785935665477978,-0.09177689467997252,0.07868440166582613,0.029728889343927145,0.01792425624958849,0.03931349831373798,0.0216083418545836,0.026450778122191432,0.06247233429509058,0.09273554557183883,0.09702983299830059,0.02762647690460429,0.04548583355938407,-0.04629106112058845,0.03239334054523768,0.062122229889164826,0.08004648613875331,0.1193599844524913
2018-05-01,6.0,5.0,7.0,8.0,0.0216083418545836,0.00484243626760783,0.03602155617289915,0.030263211276748248,0.0042942874264617625,-0.0694033560936963,0.01785935665477978,-0.09177689467997252,0.07868440166582613,0.029728889343927145,0.01792425624958849,0.03931349831373798,-0.0657777313668354,0.00484243626760783,0.04086399244050698,0.07112720371725523,0.07542149114371699,0.00601813505002069,0.02387749170480047,-0.06789940297517205,0.01078499869065408,0.040513888034581225,0.05843814428416971,0.0977516425979077,0.031973911231072294
2018-07-01,4.0,8.0,7.0,6.0,0.03602155617289915,0.030263211276748248,0.0042942874264617625,-0.0694033560936963,0.01785935665477978,-0.09177689467997252,0.07868440166582613,0.029728889343927145,0.01792425624958849,0.03931349831373798,-0.0657777313668354,0.0689301639982407,0.013128152166957952,0.030263211276748248,0.03455749870321001,-0.03484585739048629,-0.01698650073570651,-0.10876339541567903,-0.0300789937498529,-0.0003501044059257552,0.017574151843662733,0.056887650157400715,-0.008890081209434686,0.060040082788806015,0.07316823495576397
2018-09-01,8.0,7.0,6.0,7.0,0.0042942874264617625,-0.0694033560936963,0.01785935665477978,-0.09177689467997252,0.07868440166582613,0.029728889343927145,0.01792425624958849,0.03931349831373798,-0.0657777313668354,0.0689301639982407,0.013128152166957952,-0.018091627240523933,0.017181177931020697,-0.0694033560936963,-0.05154399943891652,-0.14332089411888904,-0.06463649245306291,-0.034907603109135765,-0.016983346859547277,0.022330151454190705,-0.043447579912644696,0.025482584085596005,0.03861073625255396,0.020519109012030023,0.03770028694305072
2018-10-01,4.0,7.0,7.0,8.0,-0.0694033560936963,0.01785935665477978,-0.09177689467997252,0.07868440166582613,0.029728889343927145,0.01792425624958849,0.03931349831373798,-0.0657777313668354,0.0689301639982407,0.013128152166957952,-0.018091627240523933,0.017181177931020697,0.020431770513684056,0.01785935665477978,-0.07391753802519274,0.00476686364063339,0.034495752984560535,0.05242000923414902,0.091733507547887,0.025955776181051604,0.0948859401792923,0.10801409234625026,0.08992246510572632,0.10710364303674702,0.12753541355043108
2018-12-01,4.0,6.0,6.0,7.0,-0.09177689467997252,0.07868440166582613,0.029728889343927145,0.01792425624958849,0.03931349831373798,-0.0657777313668354,0.0689301639982407,0.013128152166957952,-0.018091627240523933,0.017181177931020697,0.020431770513684056,0.034047037714499906,0.02858981890573009,0.07868440166582613,0.10841329100975328,0.12633754725934176,0.16565104557307975,0.09987331420624435,0.16880347820448505,0.181931630371443,0.16384000313091907,0.18102118106193976,0.20145295157562382,0.23549998929012372,0.2640898081958538
2019-01-01,8.0,7.0,6.0,6.0,0.07868440166582613,0.029728889343927145,0.01792425624958849,0.03931349831373798,-0.0657777313668354,0.0689301639982407,0.013128152166957952,-0.018091627240523933,0.017181177931020697,0.020431770513684056,0.034047037714499906,0.02858981890573009,-0.0016280928190489652,0.029728889343927145,0.04765314559351563,0.08696664390725362,0.021188912540418214,0.09011907653865892,0.10324722870561687,0.08515560146509293,0.10233677939611363,0.12276854990979769,0.1568155876242976,0.18540540653002768,0.18377731371097872
2019-03-01,7.0,6.0,6.0,5.0,0.01792425624958849,0.03931349831373798,-0.0657777313668354,0.0689301639982407,0.013128152166957952,-0.018091627240523933,0.017181177931020697,0.020431770513684056,0.034047037714499906,0.02858981890573009,-0.0016280928190489652,-0.08411048363840312,-0.12511928240892822,0.03931349831373798,-0.02646423305309742,0.04246593094514328,0.055594083112101234,0.0375024558715773,0.054683633802598,0.07511540431628205,0.10916244203078196,0.13775226093651205,0.13612416811746308,0.05201368447905996,-0.07310559792986826
2019-04-01,7.0,5.0,6.0,6.0,0.03931349831373798,-0.0657777313668354,0.0689301639982407,0.013128152166957952,-0.018091627240523933,0.017181177931020697,0.020431770513684056,0.034047037714499906,0.02858981890573009,-0.0016280928190489652,-0.08411048363840312,-0.12511928240892822,0.1268440381652789,-0.0657777313668354,0.0031524326314052997,0.01628058479836325,-0.0018110424421606819,0.015370135488860015,0.03580190600254407,0.06984894371704398,0.09843876262277407,0.0968106698037251,0.01270018616532198,-0.11241909624360624,0.014424941921672652
2019-06-01,8.0,7.0,6.0,5.0,0.0689301639982407,0.013128152166957952,-0.018091627240523933,0.017181177931020697,0.020431770513684056,0.034047037714499906,0.02858981890573009,-0.0016280928190489652,-0.08411048363840312,-0.12511928240892822,0.1268440381652789,0.04528181966555822,0.01838839651392421,0.013128152166957952,-0.004963475073565982,0.012217702857454715,0.03264947337113877,0.06669651108563868,0.09528632999136877,0.0936582371723198,0.00954775353391668,-0.11557152887501154,0.011272509290267352,0.05655432895582557,0.07494272546974978
2019-07-01,4.0,7.0,6.0,5.0,0.013128152166957952,-0.018091627240523933,0.017181177931020697,0.020431770513684056,0.034047037714499906,0.02858981890573009,-0.0016280928190489652,-0.08411048363840312,-0.12511928240892822,0.1268440381652789,0.04528181966555822,0.01838839651392421,0.055101321480443666,-0.018091627240523933,-0.0009104493095032362,0.01952132120418082,0.053568358918680725,0.08215817782441082,0.08053008500536185,-0.0035803986330412707,-0.1286996810419695,-0.0018556428766905997,0.04342617678886762,0.06181457330279183,0.1169158947832355
2019-09-01,5.0,6.0,6.0,4.0,0.017181177931020697,0.020431770513684056,0.034047037714499906,0.02858981890573009,-0.0016280928190489652,-0.08411048363840312,-0.12511928240892822,0.1268440381652789,0.04528181966555822,0.01838839651392421,0.055101321480443666,0.07006466690171775,-0.039227970178423055,0.020431770513684056,0.05447880822818396,0.08306862713391405,0.08144053431486509,-0.0026699493235380345,-0.12778923173246626,-0.0009451935671873635,0.04433662609837086,0.06272502261229507,0.11782634409273873,0.1878910109944565,0.14866304081603343
2019-10-01,5.0,7.0,6.0,6.0,0.020431770513684056,0.034047037714499906,0.02858981890573009,-0.0016280928190489652,-0.08411048363840312,-0.12511928240892822,0.1268440381652789,0.04528181966555822,0.01838839651392421,0.055101321480443666,0.07006466690171775,-0.039227970178423055,-0.027665786221379718,0.034047037714499906,0.06263685662023,0.06100876380118103,-0.02310171983722209,-0.1482210022461503,-0.02137696408087142,0.0239048555846868,0.04229325209861101,0.09739457357905468,0.16745924048077243,0.12823127030234938,0.10056548408096966
2019-11-01,4.0,7.0,6.0,5.0,0.034047037714499906,0.02858981890573009,-0.0016280928190489652,-0.08411048363840312,-0.12511928240892822,0.1268440381652789,0.04528181966555822,0.01838839651392421,0.055101321480443666,0.07006466690171775,-0.039227970178423055,-0.027665786221379718,0.10754563544385909,0.02858981890573009,0.026961726086681126,-0.057148757551721996,-0.18226803996065022,-0.055424001795371325,-0.010142182129813104,0.008246214384111106,0.06334753586455477,0.13341220276627253,0.09418423258784947,0.06651844636646975,0.17406408181032884
2020-01-01,6.0,7.0,6.0,5.0,-0.0016280928190489652,-0.08411048363840312,-0.12511928240892822,0.1268440381652789,0.04528181966555822,0.01838839651392421,0.055101321480443666,0.07006466690171775,-0.039227970178423055,-0.027665786221379718,0.10754563544385909,0.03712145909357001,-0.011136660755445171,-0.08411048363840312,-0.20922976604733134,-0.08238572788205245,-0.03710390821649423,-0.01871551170257002,0.036385809777873646,0.1064504766795914,0.06722250650116834,0.039556720279788626,0.14710235572364772,0.18422381481721772,0.17308715406177255
2020-03-01,6.0,7.0,6.0,5.0,-0.12511928240892822,0.1268440381652789,0.04528181966555822,0.01838839651392421,0.055101321480443666,0.07006466690171775,-0.039227970178423055,-0.027665786221379718,0.10754563544385909,0.03712145909357001,-0.011136660755445171,0.026091451377448394,0.042438632533165155,0.1268440381652789,0.17212585783083711,0.19051425434476132,0.245615575825205,0.31568024272692274,0.2764522725484997,0.24878648632711997,0.35633212177097906,0.39345358086454907,0.3823169201091039,0.4084083714865523,0.45084700401971745
2020-04-01,1.0,2.0,1.0,3.0,0.1268440381652789,0.04528181966555822,0.01838839651392421,0.055101321480443666,0.07006466690171775,-0.039227970178423055,-0.027665786221379718,0.10754563544385909,0.03712145909357001,-0.011136660755445171,0.026091451377448394,0.042438632533165155,0.05242532134755851,0.04528181966555822,0.06367021617948243,0.1187715376599261,0.18883620456164385,0.1496082343832208,0.12194244816184108,0.22948808360570017,0.2666095426992702,0.255472881943825,0.2815643333212734,0.32400296585443855,0.37642828720199706
2020-05-01,1.0,2.0,2.0,3.0,0.04528181966555822,0.01838839651392421,0.055101321480443666,0.07006466690171775,-0.039227970178423055,-0.027665786221379718,0.10754563544385909,0.03712145909357001,-0.011136660755445171,0.026091451377448394,0.042438632533165155,0.05242532134755851,0.00548648867060697,0.01838839651392421,0.07348971799436788,0.14355438489608563,0.10432641471766257,0.07666062849628286,0.18420626394014195,0.22132772303371195,0.21019106227826678,0.23628251365571518,0.27872114618888033,0.33114646753643884,0.3366329562070458
2020-07-01,4.0,7.0,6.0,5.0,0.055101321480443666,0.07006466690171775,-0.039227970178423055,-0.027665786221379718,0.10754563544385909,0.03712145909357001,-0.011136660755445171,0.026091451377448394,0.042438632533165155,0.05242532134755851,0.00548648867060697,0.022214009565834747,0.02274805482838871,0.07006466690171775,0.0308366967232947,0.003170910501914981,0.11071654594577407,0.14783800503934408,0.1367013442838989,0.1627927956613473,0.20523142819451246,0.25765674954207096,0.26314323821267793,0.2853572477785127,0.3081053026069014
2020-09-01,4.0,6.0,5.0,7.0,-0.039227970178423055,-0.027665786221379718,0.10754563544385909,0.03712145909357001,-0.011136660755445171,0.026091451377448394,0.042438632533165155,0.05242532134755851,0.00548648867060697,0.022214009565834747,0.02274805482838871,0.028990416255438634,-0.047569168801901096,-0.027665786221379718,0.07987984922247937,0.11700130831604938,0.10586464756060421,0.1319560989380526,0.17439473147121776,0.22682005281877626,0.23230654148938323,0.254520551055218,0.2772686058836067,0.3062590221390453,0.2586898533371442
2020-10-01,6.0,7.0,6.0,8.0,-0.027665786221379718,0.10754563544385909,0.03712145909357001,-0.011136660755445171,0.026091451377448394,0.042438632533165155,0.05242532134755851,0.00548648867060697,0.022214009565834747,0.02274805482838871,0.028990416255438634,-0.047569168801901096,0.0691438364006065,0.10754563544385909,0.1446670945374291,0.13353043378198393,0.15962188515943232,0.20206051769259747,0.254485839040156,0.25997232771076295,0.2821863372765977,0.3049343921049864,0.33392480836042504,0.28635563955852394,0.35549947595913045
2020-12-01,4.0,6.0,6.0,7.0,0.03712145909357001,-0.011136660755445171,0.026091451377448394,0.042438632533165155,0.05242532134755851,0.00548648867060697,0.022214009565834747,0.02274805482838871,0.028990416255438634,-0.047569168801901096,0.0691438364006065,-0.008333706184746159,0.04361291346206486,-0.011136660755445171,0.014954790622003222,0.05739342315516838,0.10981874450272688,0.11530523317333385,0.1375192427391686,0.1602672975675573,0.18925771382299594,0.14168854502109485,0.21083238142170135,0.2024986752369552,0.24611158869902006
2021-01-01,6.0,5.0,6.0,7.0,-0.011136660755445171,0.026091451377448394,0.042438632533165155,0.05242532134755851,0.00548648867060697,0.022214009565834747,0.02274805482838871,0.028990416255438634,-0.047569168801901096,0.0691438364006065,-0.008333706184746159,0.04361291346206486,-0.052585165027393854,0.026091451377448394,0.06853008391061355,0.12095540525817206,0.12644189392877903,0.14865590349461377,0.17140395832300248,0.20039437457844111,0.15282520577654002,0.22196904217714652,0.21363533599240037,0.2572482494544652,0.20466308442707137
2021-03-01,5.0,7.0,6.0,8.0,0.042438632533165155,0.05242532134755851,0.00548648867060697,0.022214009565834747,0.02274805482838871,0.028990416255438634,-0.047569168801901096,0.0691438364006065,-0.008333706184746159,0.04361291346206486,-0.052585165027393854,-0.031360491945908286,0.03577328837154625,0.05242532134755851,0.05791181001816548,0.08012581958400022,0.10287387441238893,0.13186429066782757,0.08429512186592647,0.15343895826653298,0.14510525208178682,0.18871816554385168,0.13613300051645782,0.10477250857054954,0.1405457969420958
2021-04-01,6.0,8.0,7.0,9.0,0.05242532134755851,0.00548648867060697,0.022214009565834747,0.02274805482838871,0.028990416255438634,-0.047569168801901096,0.0691438364006065,-0.008333706184746159,0.04361291346206486,-0.052585165027393854,-0.031360491945908286,0.03577328837154625,-0.08795671180434306,0.00548648867060697,0.027700498236441717,0.050448553064830426,0.07943896932026906,0.03186980051836796,0.10101363691897447,0.09267993073422831,0.13629284419629317,0.08370767916889932,0.05234718722299103,0.08812047559453728,0.00016376379019422682
2021-06-01,6.0,8.0,7.0,9.0,0.022214009565834747,0.02274805482838871,0.028990416255438634,-0.047569168801901096,0.0691438364006065,-0.008333706184746159,0.04361291346206486,-0.052585165027393854,-0.031360491945908286,0.03577328837154625,-0.08795671180434306,5.317770464463578e-05,-0.08391999993382682,0.02274805482838871,0.05173847108382734,0.004169302281926246,0.07331313868253275,0.0649794324977866,0.10859234595985146,0.0560071809324576,0.024646688986549314,0.06041997735809557,-0.02753673444624749,-0.027483556741602855,-0.11140355667542967
2021-07-01,6.0,8.0,7.0,9.0,0.02274805482838871,0.028990416255438634,-0.047569168801901096,0.0691438364006065,-0.008333706184746159,0.04361291346206486,-0.052585165027393854,-0.031360491945908286,0.03577328837154625,-0.08795671180434306,5.317770464463578e-05,-0.08391999993382682,0.09111639173021002,0.028990416255438634,-0.018578752546462463,0.050565083854144044,0.042231377669397885,0.08584429113146275,0.03325912610406889,0.0018986341581606059,0.03767192252970686,-0.0502847892746362,-0.05023161156999156,-0.13415161150381838,-0.04303521977360836
2021-09-01,4.0,7.0,6.0,8.0,-0.047569168801901096,0.0691438364006065,-0.008333706184746159,0.04361291346206486,-0.052585165027393854,-0.031360491945908286,0.03577328837154625,-0.08795671180434306,5.317770464463578e-05,-0.08391999993382682,0.09111639173021002,-0.04244012827299837,-0.09339567201327437,0.0691438364006065,0.06081013021586035,0.10442304367792521,0.051837878650531355,0.02047738670462307,0.05625067507616932,-0.031706036728173737,-0.0316528590235291,-0.11557285895735592,-0.024456467227145895,-0.06689659550014426,-0.16029226751341863
2021-10-01,4.0,7.0,6.0,8.0,0.0691438364006065,-0.008333706184746159,0.04361291346206486,-0.052585165027393854,-0.031360491945908286,0.03577328837154625,-0.08795671180434306,5.317770464463578e-05,-0.08391999993382682,0.09111639173021002,-0.04244012827299837,-0.09339567201327437,0.0798634138370089,-0.008333706184746159,0.0352792072773187,-0.01730595775007515,-0.04866644969598344,-0.012893161324437186,-0.10084987312878024,-0.10079669542413561,-0.18471669535796242,-0.0936003036277524,-0.13604043190075077,-0.22943610391402514,-0.14957269007701623
2021-12-01,4.0,7.0,6.0,8.0,0.04361291346206486,-0.052585165027393854,-0.031360491945908286,0.03577328837154625,-0.08795671180434306,5.317770464463578e-05,-0.08391999993382682,0.09111639173021002,-0.04244012827299837,-0.09339567201327437,0.0798634138370089,0.053752893352493114,-0.05897147407473047,-0.052585165027393854,-0.08394565697330214,-0.04817236860175589,-0.13612908040609895,-0.1360759027014543,-0.21999590263528113,-0.1288795109050711,-0.17131963917806947,-0.26471531119134384,-0.18485189735433494,-0.13109900400184182,-0.1900704780765723
2022-01-01,4.0,7.0,6.0,8.0,-0.052585165027393854,-0.031360491945908286,0.03577328837154625,-0.08795671180434306,5.317770464463578e-05,-0.08391999993382682,0.09111639173021002,-0.04244012827299837,-0.09339567201327437,0.0798634138370089,0.053752893352493114,-0.05897147407473047,0.0617528578346791,-0.031360491945908286,0.004412796425637966,-0.08354391537870509,-0.08349073767406046,-0.16741073760788727,-0.07629434587767725,-0.11873447415067562,-0.21213014616394998,-0.13226673232694108,-0.07851383897444797,-0.13748531304917844,-0.07573245521449934
2022-03-01,5.0,6.0,6.0,8.0,0.03577328837154625,-0.08795671180434306,5.317770464463578e-05,-0.08391999993382682,0.09111639173021002,-0.04244012827299837,-0.09339567201327437,0.0798634138370089,0.053752893352493114,-0.05897147407473047,0.0617528578346791,-0.02611249393181858,0.03505161257710898,-0.08795671180434306,-0.08790353409969842,-0.17182353403352524,-0.08070714230331522,-0.12314727057631358,-0.21654294258958795,-0.13667952875257905,-0.08292663540008594,-0.1418981094748164,-0.0801452516401373,-0.10625774557195589,-0.0712061329948469
2022-04-01,6.0,8.0,7.0,9.0,-0.08795671180434306,5.317770464463578e-05,-0.08391999993382682,0.09111639173021002,-0.04244012827299837,-0.09339567201327437,0.0798634138370089,0.053752893352493114,-0.05897147407473047,0.0617528578346791,-0.02611249393181858,0.03505161257710898,0.014642341662481018,5.317770464463578e-05,-0.08386682222918218,0.007249569501027842,-0.035190558771970526,-0.1285862307852449,-0.04872281694823599,0.005030076404257122,-0.053941397670473346,0.007811460164205752,-0.01830103376761283,0.016750578809496153,0.03139292047197717
2022-06-01,8.0,7.0,6.0,9.0,-0.08391999993382682,0.09111639173021002,-0.04244012827299837,-0.09339567201327437,0.0798634138370089,0.053752893352493114,-0.05897147407473047,0.0617528578346791,-0.02611249393181858,0.03505161257710898,0.014642341662481018,0.002482347368192972,0.06472746490423464,0.09111639173021002,0.048676263457211655,-0.04471940855606271,0.03514400528094619,0.0888968986334393,0.029925424558708835,0.09167828239338793,0.06556578846156935,0.10061740103867833,0.11525974270115935,0.11774209006935232,0.18246955497358697
2022-07-01,7.0,6.0,5.0,8.0,0.09111639173021002,-0.04244012827299837,-0.09339567201327437,0.0798634138370089,0.053752893352493114,-0.05897147407473047,0.0617528578346791,-0.02611249393181858,0.03505161257710898,0.014642341662481018,0.002482347368192972,0.06472746490423464,0.031138932355010862,-0.04244012827299837,-0.13583580028627273,-0.05597238644926383,-0.0022194930967707194,-0.06119096717150119,0.0005618906631779108,-0.02555060326864067,0.009501009308468311,0.02414335097094933,0.0266256983391423,0.09135316324337694,0.1224920955983878
2022-09-01,7.0,6.0,5.0,6.0,-0.09339567201327437,0.0798634138370089,0.053752893352493114,-0.05897147407473047,0.0617528578346791,-0.02611249393181858,0.03505161257710898,0.014642341662481018,0.002482347368192972,0.06472746490423464,0.031138932355010862,-0.017716390070854016,-0.048719367465624885,0.0798634138370089,0.13361630718950201,0.07464483311477155,0.13639769094945065,0.11028519701763206,0.14533680959474105,0.15997915125722206,0.16246149862541504,0.22718896352964968,0.25832789588466054,0.24061150581380653,0.19189213834818164
2022-10-01,6.0,5.0,4.0,7.0,0.0798634138370089,0.053752893352493114,-0.05897147407473047,0.0617528578346791,-0.02611249393181858,0.03505161257710898,0.014642341662481018,0.002482347368192972,0.06472746490423464,0.031138932355010862,-0.017716390070854016,-0.048719367465624885,-0.02197968873798295,0.053752893352493114,-0.005218580722237354,0.056534277112441744,0.030421783180623163,0.06547339575773214,0.08011573742021316,0.08259808478840613,0.14732554969264078,0.17846448204765164,0.16074809197679762,0.11202872451117274,0.09004903577318979
2022-11-01,7.0,6.0,5.0,7.0,0.053752893352493114,-0.05897147407473047,0.0617528578346791,-0.02611249393181858,0.03505161257710898,0.014642341662481018,0.002482347368192972,0.06472746490423464,0.031138932355010862,-0.017716390070854016,-0.048719367465624885,-0.02197968873798295,0.08917926878197013,-0.05897147407473047,0.00278138375994863,-0.02333111017186995,0.01172050240523903,0.026362844067720048,0.02884519143591302,0.09357265634014766,0.12471158869515853,0.10699519862430451,0.058275831158679625,0.036296142420696675,0.1254754112026668
